{"w1": [[1.1105352907327382, 1.987368500262765, 0.6704515899990625, 0.6059809433228753, -0.6698607781878172, 0.2786881247035145, -0.310082654431354, -1.8146573810042221]], "b1": [13.495873418584202, 12.778259236426493, 12.739916073011534, 13.96702212107937, 13.529641997600963, 13.242178524420446, 12.709506192545163, 12.909219503709975], "w2": [[-1.055185715422915, -0.12065672822076459, 2.0511577079714014, 0.08888116880108385], [0.3609403689185079, 0.8853530740320081, -1.234203490266114, -0.03981632405603683], [0.6267811289247857, -0.5778295804947589, 0.6321324771392375, 1.1235968338664781], [-0.2492593624373414, 1.2692941080312141, 2.626248708575796, 0.0014224574910925644], [0.40657008594499155, -2.0402279407828074, 1.1494130198960548, 1.2551564922150482], [-0.9076328659495244, -0.779355714092653, -1.0322565862637207, -1.5777831525448607], [0.4440654738994502, 1.283030727719392, -1.9001798046274128, -1.5279442318370966], [0.1263464896281877, 0.25487574368078925, -1.1686072294617178, -0.4529478093608018]], "b2": [10.9763397739399, 13.620640131600714, 11.822410523295353, 12.710063603607374]}