{"w1": [[0.948024159222021, 0.6383725481079843, 2.0382645743910284, 0.6279882042771272, 0.1387310450183105, 0.005308711322361229, 0.9090159821322127, -0.2963312815074589]], "b1": [2.522108706364508, 2.3026687123850262, 2.832379505790168, 2.5090501943281627, 2.938769804535264, 3.0401919917174953, 2.729330427060048, 2.7726770989668443], "w2": [[0.597825113089676, 0.7431122092806527, -0.28152615687071114, -0.24776731399168], [-1.2610449720799441, -3.3312386044448123, 0.05485825638956082, 0.503370200448214], [0.04294546433036761, -0.5862553788899159, 2.950727499893762, -0.06057121912770319], [-0.8151016831325268, 0.22015319223042604, 0.11400760971052824, 0.701140304391936], [0.25716223115978065, 0.29927938079461935, 1.092310888015002, 0.4466478415333722], [0.03360484770375366, 0.7577688422017622, 0.6150772245090477, 0.7057709921438464], [-0.1399542991197335, -0.14344647936347493, -0.4934303119507563, 0.7002683682978421], [-0.03084319302257614, 0.6770613575536605, -0.005524101854356908, -1.1321880954554928]], "b2": [2.1151061973011567, 0.05749576885631656, 1.0626511105429615, 3.2880881622586493]}