{"w1": [[-3.187218706998255, 0.8368225937474597, -0.5025314851285906, 0.5460265609917547, 0.06868843892601258, -1.767637754442489, -1.2401702064722522, -0.3147246321465097]], "b1": [7.695095791437162, 7.618108609318505, 7.6594442474130995, 7.876045527938046, 7.821656729125344, 7.477805263870816, 8.044004067534052, 7.908432952835422], "w2": [[1.758104789846101, 0.9155571738954731, -1.7294242154570514, 0.4708688263320374], [1.539063882072946, 1.983033214355077, 1.0855880517982124, -0.29717325196454736], [-0.8507102043053254, 0.5805938244702332, 0.336774016266757, -0.219847017601687], [-0.660696276387478, 1.1850367701055307, 1.9597307175589078, -0.8396183689807155], [0.8185947225519994, -2.2242930160702334, 0.2620527750800716, 1.5642940356888617], [-0.6817957465911375, -3.0857109588139044, -1.1120781882554511, 1.2060217378051397], [-1.2844113763261933, 1.5167029162844279, -0.6738702206562308, 0.4683288099627002], [0.3500491730074883, 0.6288712088150324, -2.0786018554072503, 1.255601252818285]], "b2": [6.366961054321451, 5.827664788043122, 8.48335541737326, 6.797357878857621]}