{"w1": [[-0.11905787724645919, 0.5547496714568032, -0.8995938417329962, 1.0063654731669378, -0.3777742375740862, -1.4774345245273857, -0.3237046993676588, 0.7762048122780547]], "b1": [2.3917746596546205, 2.671707278586688, 2.5534125518121025, 2.4221115453279083, 2.940675580112013, 2.621895821164291, 2.6655095973623584, 2.4874577869371497], "w2": [[0.14145864530586952, 0.5196078749505775, -1.5601269346218796, -0.13298976818518432], [-0.8593511567264727, 1.6317892422169695, 0.865979035767724, -0.04711243080577475], [-0.6499239454630104, 0.0698131719427731, -0.11950702098723137, -0.8632549287323029], [1.9434823568037487, 0.42180872119311225, 1.7121892805473131, -1.4110878644654212], [1.719459116861389, -1.3724491825256613, -0.8144601039226081, 0.19696878111429045], [0.08203839123542389, -2.171681411039511, -0.9947720872883712, 0.9442053448202093], [1.9057863494384892, 0.9025580922467633, 0.04547650386510002, 0.5604379792832074], [-1.342791879061226, 0.565583856265541, -1.2485697351006337, 0.2132846590444944]], "b2": [1.925374849849246, 0.12737356913040043, 2.014053402461747, 1.7196290383014008]}