{"w1": [[2.1040783725686376, -0.7206815870613923, -0.2756544794089677, -1.0295005596568476, 0.8180588340403991, -0.07361270448814519, -0.20891650293426323, 0.677997278919552]], "b1": [2.8521559457027834, 3.1437495941208984, 3.5409380048177335, 3.7885472361276116, 3.1930141377648003, 3.387010577167944, 3.4523000455399604, 3.6857777791875663], "w2": [[0.43364986581745923, 1.2828658531930361, -0.3069027035861256, 0.2472231888447734], [-1.3249235903985306, -0.8703903078235631, 0.8136370916923563, -1.7477116821340644], [0.44540263720062523, 1.0397292630022883, 1.465852558581163, -0.006294715329580744], [-0.8115269674660566, 0.9810257292262349, -0.7249129397929812, 1.973701997760555], [0.1570855987726265, -0.6495919699100542, 2.0472585643126804, 0.5459646267423751], [-0.3315688095519075, 0.12689717739101697, 2.1297153854970183, -1.6467211032572104], [0.6183043884664441, -0.41091182252958913, 1.128624576167848, -1.205368577195225], [-2.4692160845440814, -0.172909057774734, 0.6143764740517216, 0.11327730361721193]], "b2": [3.4044472667291155, 2.2285546893418475, 3.1712716996063848, 3.0477204435021505]}