{"w1": [[1.2303006998705186, -0.23308524036842312, -0.18366910098053751, -0.19383200487439095, 0.41654701114937326, 2.723071237810996, 0.9035469903581179, 1.473327767580587]], "b1": [3.6845816363750874, 3.421386654764612, 3.3891015383898395, 3.8536766717897692, 3.434523847670347, 3.007080259189986, 3.7570456733870845, 3.4400129161756356], "w2": [[0.7054053230228555, 0.9953983663784056, 0.9900277250537537, 2.631592684211312], [1.091415397686798, -0.4300321196314527, -0.1972958022368379, 0.26932011563989194], [-0.09721513783441559, -0.4650867059672693, 2.3794838747626104, 1.7226838148551187], [-1.5805688400985796, -1.0611503773464188, -1.3598689660360086, 0.051599646644827024], [1.2179909756456861, -0.3091839111569809, -0.0909601944882299, -1.1177706529403328], [-0.05015609816420161, 1.6048515988497827, -0.36781426951580926, -0.9923577842452027], [0.5369365242146958, 0.4492799201621073, 0.8433856742913378, -0.7179291617587139], [-0.7646254271112457, -2.0004892291750433, 0.9004337208750177, 0.041750148440731674]], "b2": [1.9274729537134163, 2.424565478363983, 1.4607821500830211, 2.655096771826089]}